name,code,theme
KODEX 반도체,091160,반도체
TIGER 반도체,091230,반도체
TIGER Fn반도체TOP10,396500,반도체
KODEX 2차전지산업,305720,2차전지
TIGER 2차전지테마,305540,2차전지
TIGER 2차전지소재Fn,462010,2차전지
KODEX 고배당주,279530,배당
KODEX 코리아배당성장,211900,배당
RISE 고배당,266160,배당
KODEX 200,069500,대형주
TIGER 200,102110,대형주
KODEX 코스피100,237350,대형주
KODEX 코스닥150,229200,코스닥
TIGER 코스닥150,232080,코스닥
TIGER 미국S&P500,360750,미국주식
KODEX 미국S&P500,379800,미국주식
TIGER 미국나스닥100,133690,미국주식
KODEX 국고채10년액티브,471230,채권
TIGER 미국채10년선물,305080,채권
KODEX 미국채10년선물,308620,채권
